CategoryNo;Category;Number;Title;Page;Image;Offset
1;Vorbemerkungen;1;Holzersparnisse;1;37;36
1;Vorbemerkungen;2;Ueber das Beheizen des Fleisches;1;37;36
1;Vorbemerkungen;3;Von dem Beistellen der grünen Gemüse;2;38;36
1;Vorbemerkungen;4;Von dem Beistellen der grünen Gemüse auf andere Art;3;39;36
1;Vorbemerkungen;5;Von dem Beistellen junger Gemüse, als Pflückerbsen, Bohnen und gelben Rüben;3;39;36
1;Vorbemerkungen;6;Von den Hülsefrüchten;4;40;36
2;Suppen;7;Aepfelsuppe;4;40;36
2;Suppen;8;Biersuppe;4;40;36
2;Suppen;9;Blumenkohlsuppe;5;41;36
2;Suppen;10;Bohnensuppe;5;41;36
2;Suppen;11;Grüne Bohnensuppe;6;42;36
2;Suppen;12;Durchgeschlagene Brodsuppe;6;42;36
2;Suppen;13;Butter-Klössuppe;7;43;36
2;Suppen;14;Buttermilchsuppe;7;43;36
2;Suppen;15;Blinde Chokoladesuppe;7;43;36
2;Suppen;16;Eiergerstsuppe;7;43;36
2;Suppen;17;Eiergerstsuppe auf andere Art;8;44;36
2;Suppen;18;Verlorene Eiersuppe;8;44;36
2;Suppen;19;Einlaufsuppe;9;45;36
2;Suppen;20;Endiviensuppe;9;45;36
2;Suppen;21;Erbsensuppe;9;45;36
2;Suppen;22;Französische Suppe;10;46;36
2;Suppen;23;Gerstenschleim;11;47;36
2;Suppen;24;Gerstensuppe;11;47;36
2;Suppen;25;Griesmehlsuppe;11;47;36
2;Suppen;26;Griesmehlsuppe auf andere Art;12;48;36
2;Suppen;27;Griesmehlsuppe auf andere Art;12;48;36
2;Suppen;28;Griesmehlsuppe für kleine Kinder;12;48;36
2;Suppen;29;Hafergrützsuppe;12;48;36
2;Suppen;30;Haferkörnersuppe;13;49;36
2;Suppen;31;Haferkörnersuppe mit Wein;13;49;36
2;Suppen;32;Hühnersuppe;14;50;36
2;Suppen;33;Hühnersuppe auf andere Art;14;50;36
2;Suppen;34;Jussupp;15;51;36
2;Suppen;35;Kartoffelsuppe;16;52;36
2;Suppen;36;Durchgeschlagene Kartoffelsuppe;16;52;36
2;Suppen;37;Kernebsensuppe;17;53;36
2;Suppen;38;Grüne Kernsuppe;17;53;36
2;Suppen;39;Dürre Kirschensuppe;18;54;36
2;Suppen;40;Klostersuppe;18;54;36
2;Suppen;41;Knoten- oder Mehlsuppe;19;55;36
2;Suppen;42;Körbelsuppe;19;55;36
2;Suppen;43;Krebssuppe;19;55;36
2;Suppen;44;Krebssuppe auf einfache Art;20;56;36
2;Suppen;45;Lebersuppe;20;56;36
2;Suppen;46;Leberklösbrühsuppe;21;57;36
2;Suppen;47;Linsensuppe;21;57;36
2;Suppen;48;Mandelsuppe;22;58;36
2;Suppen;49;Markronenklöschen-Suppe;22;58;36
2;Suppen;50;Gebrannte Mehlsuppe;22;58;36
2;Suppen;51;Geröstete Mehlgraupensuppe;23;59;36
2;Suppen;52;Milchsuppe;23;59;36
2;Suppen;53;Nudelsuppe;24;60;36
2;Suppen;54;Feine Paradesuppe;24;60;36
2;Suppen;55;Pfannkuchensuppe;24;60;36
2;Suppen;56;Petersiliensuppe;24;60;36
2;Suppen;57;Rahmsuppe;25;61;36
2;Suppen;58;Reissuppe;25;61;36
2;Suppen;59;Rindfleischsuppe;26;62;36
2;Suppen;60;Rindfleischsuppe mit Markklöschen;26;62;36
2;Suppen;61;Rosinensuppe;26;62;36
2;Suppen;62;Sagosuppe mit Fleischbrühe;27;63;36
2;Suppen;63;Sagosuppe mit Milch;27;63;36
2;Suppen;64;Sagosuppe mit Wein;27;63;36
2;Suppen;65;Salepsuppe für Kinder;28;64;36
2;Suppen;66;Sauerampfersuppe;28;64;36
2;Suppen;67;Schaumsuppe mit Wein;28;64;36
2;Suppen;68;Spargelsuppe;29;65;36
2;Suppen;69;Suppe für kleine Kinder;29;65;36
2;Suppen;70;Suppe für kleine Kinder eine andere Art;29;65;36
2;Suppen;71;Suppe für kleine Kinder noch eine andere Art;30;66;36
2;Suppen;72;Suppe von Zwieback;30;66;36
2;Suppen;73;Eine Wassersuppe;30;66;36
2;Suppen;74;Geröstete Weckmehlsuppe;30;66;36
2;Suppen;75;Weck-Wassersuppe;31;67;36
2;Suppen;76;Weinbergsuppe;31;67;36
2;Suppen;77;Weinsuppe;32;68;36
2;Suppen;78;Weinsuppe auf andere Art;32;68;36
2;Suppen;79;Weinsuppe auf noch andere Art;32;68;36
2;Suppen;80;Weißkrautsuppe;33;69;36
2;Suppen;81;Wurzelsuppe;33;69;36
2;Suppen;82;Zwetschensuppe;33;69;36
2;Suppen;83;Zwiebelsuppe;33;69;36
3;Suppen-Klöschen;84;Butter-Knöpflein in die Suppe;34;70;36
3;Suppen-Klöschen;85;Fleisch-Klöschen;34;70;36
3;Suppen-Klöschen;86;Fleisch-Klöschen auf andere Art;34;70;36
3;Suppen-Klöschen;87;Gries-Klöschen;35;71;36
3;Suppen-Klöschen;88;Grüne Klöschen;35;71;36
3;Suppen-Klöschen;89;Kartoffel-Klöschen zur Suppe;35;71;36
3;Suppen-Klöschen;90;Reis-Klöschen;36;72;36
3;Suppen-Klöschen;91;Gute Suppen-Klöschen;36;72;36
3;Suppen-Klöschen;92;Suppen-Schläppchen;36;72;36
3;Suppen-Klöschen;93;Ordinäre Suppen-Schwämmchen;37;73;36
3;Suppen-Klöschen;94;Gebackene Weck-Klöschen;37;73;36
3;Suppen-Klöschen;95;Recht gute Weck-Klöschen;37;73;36
4;Rindfleisch;96;Bocufstaeck (Beufstaeck);38;74;36
4;Rindfleisch;97;Böf a la Mode;39;75;36
4;Rindfleisch;98;Boeuf à la mode, oder Rindfleisch auf eine gute Art zubereitet;39;75;36
4;Rindfleisch;99;Boeuf à la mode eine andere Art, welche man kalt oder warm geben kann;40;76;36
4;Rindfleisch;100;Gerolltes Ochsenfleisch;41;77;36
4;Rindfleisch;101;Rindfleisch zu kochen;42;78;36
4;Rindfleisch;102;Rindfleisch mit Sardellensauce;42;78;36
5;Gemüse;103;Artischocken;43;79;36
5;Gemüse;104;Bayerisch-Kraut;44;80;36
5;Gemüse;105;Blumenkohl;44;80;36
5;Gemüse;106;Eingemachte Bohnen;45;81;36
5;Gemüse;107;Eingemachte Bohnen auf andere Art;46;82;36
5;Gemüse;108;Frische Bohnen;46;82;36
5;Gemüse;109;Frische Bohnen auf andere Art;47;83;36
5;Gemüse;110;Endivien-Gemüse;47;83;36
5;Gemüse;111;Erd-Kohlraben;47;83;36
5;Gemüse;112;Gelbe Rüben;48;84;36
5;Gemüse;113;Gelbe Rüben auf andere Art;48;84;36
5;Gemüse;114;Häring mit Kartoffeln;49;85;36
5;Gemüse;115;Häring mit Kartoffeln auf andere Art;49;85;36
5;Gemüse;116;Gefüllte Kartoffeln;50;86;36
5;Gemüse;117;Kartoffel-Gemüse;50;86;36
5;Gemüse;118;Kartoffel-Gemüse auf andere Art;50;86;36
5;Gemüse;119;Saures Kartoffel-Gemüse;51;87;36
5;Gemüse;120;Geröstete Kartoffeln;51;87;36
5;Gemüse;121;Geröstete Kartoffeln auf andere Art;52;88;36
5;Gemüse;122;Kartoffeln mit Petersilie;52;88;36
5;Gemüse;123;Kartoffeln mit saurer Brühe;52;88;36
5;Gemüse;124;Köhlkraut;53;89;36
5;Gemüse;125;Kohlraben;53;89;36
5;Gemüse;126;Gefüllte Kohlraben;54;90;36
5;Gemüse;127;Gekochter Kopfsalat;54;90;36
5;Gemüse;128;Laubfrösche;55;91;36
5;Gemüse;129;Makaroni;56;92;36
5;Gemüse;130;Römischkohl-Gemüse;56;92;36
5;Gemüse;131;Rosenkohl;57;93;36
5;Gemüse;132;Rothkraut;57;93;36
5;Gemüse;133;Sauerkraut zu kochen;58;94;36
5;Gemüse;134;Sauerkraut mit Hecht;58;94;36
5;Gemüse;135;Scharpkraut;59;95;36
5;Gemüse;136;Schinkennudeln;60;96;36
5;Gemüse;137;Schwarzwurzel;60;96;36
5;Gemüse;138;Schwarzwurzel-Sauce auf andere Art;60;96;36
5;Gemüse;139;Spargeln;61;97;36
5;Gemüse;140;Spargeln-Sauce auf andere Art;61;97;36
5;Gemüse;141;Spinat;61;97;36
5;Gemüse;142;Teltower Rübchen;62;98;36
5;Gemüse;143;Weißkraut;62;98;36
5;Gemüse;144;Gebackenes Weißkraut;63;99;36
5;Gemüse;145;Gefülltes Weißkraut;63;99;36
5;Gemüse;146;Weiße Rüben;64;100;36
5;Gemüse;147;Würsing-Gemüse;65;101;36
5;Gemüse;148;Zuckererbsen-Gemüse;65;101;36
6;Beilagen zum Gemüse;149;Eine Beilage;65;101;36
6;Beilagen zum Gemüse;150;Bratwürste mit Eiern;66;102;36
6;Beilagen zum Gemüse;151;Bratwürstchen;66;102;36
6;Beilagen zum Gemüse;152;Butterbrod;66;102;36
6;Beilagen zum Gemüse;153;Gerührte Eier;67;103;36
6;Beilagen zum Gemüse;154;Gebackenes Fleisch als Beilage zum Gemüse;67;103;36
6;Beilagen zum Gemüse;155;Fleisch-Pfannkuchen;67;103;36
6;Beilagen zum Gemüse;156;Fleisch-Schnitten;68;104;36
6;Beilagen zum Gemüse;157;Frikadellen;68;104;36
6;Beilagen zum Gemüse;158;Frikando;69;105;36
6;Beilagen zum Gemüse;159;Frikando auf andere Art;69;105;36
6;Beilagen zum Gemüse;160;Hammels-Karbonaden;70;106;36
6;Beilagen zum Gemüse;161;Gebackene Kalbsfüße;70;106;36
6;Beilagen zum Gemüse;162;Gebackene Kalbsfüße auf andere Art;70;106;36
6;Beilagen zum Gemüse;163;Gebackenes Kalbshirn;71;107;36
6;Beilagen zum Gemüse;164;Gebackenes Kalbshirn auf andere Art;71;107;36
6;Beilagen zum Gemüse;165;Kalbs-Karbonaden;71;107;36
6;Beilagen zum Gemüse;166;Gebackene Kalbsleber;71;107;36
6;Beilagen zum Gemüse;167;Gebackene Kalbsleber auf Oesterreicher Art;72;108;36
6;Beilagen zum Gemüse;168;Gebackene Kalbsmilche;72;108;36
6;Beilagen zum Gemüse;169;Kartoffel-Küchlein;72;108;36
6;Beilagen zum Gemüse;170;Kartoffel-Pfannkuchen;73;109;36
6;Beilagen zum Gemüse;171;Kartoffel-Würstchen;73;109;36
6;Beilagen zum Gemüse;172;Kastanien als Beilage zum Gemüse;74;110;36
6;Beilagen zum Gemüse;173;Gebackene Ochsenzungen;74;110;36
6;Beilagen zum Gemüse;174;Omeletten;75;111;36
6;Beilagen zum Gemüse;175;Rolade;75;111;36
6;Beilagen zum Gemüse;176;Schweine-Karbonaden;76;112;36
6;Beilagen zum Gemüse;177;Servelat-Würste;76;112;36
6;Beilagen zum Gemüse;178;Spatzen;76;112;36
7;Gedämpfte Speisen (Ragouts);179;Bratwurst mit einer Sauce;77;113;36
7;Gedämpfte Speisen (Ragouts);180;Frikasee von jungen Hühnern;77;113;36
7;Gedämpfte Speisen (Ragouts);181;Frikasee von jungen Hühnern auf andere Art;79;115;36
7;Gedämpfte Speisen (Ragouts);182;Frikasee von Kalbfleisch;79;115;36
7;Gedämpfte Speisen (Ragouts);183;Gänseleber;80;116;36
7;Gedämpfte Speisen (Ragouts);184;Gänsepfeffer;81;117;36
7;Gedämpfte Speisen (Ragouts);185;Hasenpfeffer;81;117;36
7;Gedämpfte Speisen (Ragouts);186;Hasenpfeffer mit Schweinefleisch;82;118;36
7;Gedämpfte Speisen (Ragouts);187;Kalbsgekrös zu kochen;82;118;36
7;Gedämpfte Speisen (Ragouts);188;Kalbsfüße;83;119;36
7;Gedämpfte Speisen (Ragouts);189;Gespickte Kalbsleber;83;119;36
7;Gedämpfte Speisen (Ragouts);190;Gespickte Kalbsleber auf andere Art;84;120;36
7;Gedämpfte Speisen (Ragouts);191;Gespickte Kalbsleber mit Sauce;84;120;36
7;Gedämpfte Speisen (Ragouts);192;Kalbsmilche zu dämpfen;85;121;36
7;Gedämpfte Speisen (Ragouts);193;Kalbszungen Ragout;85;121;36
7;Gedämpfte Speisen (Ragouts);194;Lungen-Mus;86;122;36
7;Gedämpfte Speisen (Ragouts);195;Gedämpftes Ochsenfleisch;86;122;36
7;Gedämpfte Speisen (Ragouts);196;Ochsenleben zu dämpfen;87;123;36
7;Gedämpfte Speisen (Ragouts);197;Ochsenzunge zuzurichten;88;124;36
7;Gedämpfte Speisen (Ragouts);198;Frische Ochsenzunge in einer Sardellen-Sauce;88;124;36
7;Gedämpfte Speisen (Ragouts);199;Ragout von kaltem Braten;89;125;36
7;Gedämpfte Speisen (Ragouts);200;Ragout von Kalbskop;89;125;36
7;Gedämpfte Speisen (Ragouts);201;Ragout von übrig gebliebenem Ochsenfleisch;90;126;36
7;Gedämpfte Speisen (Ragouts);202;Ragout von Ochsenherz;91;127;36
7;Gedämpfte Speisen (Ragouts);203;Ragout von Ochsenhirn;91;127;36
7;Gedämpfte Speisen (Ragouts);204;Rothwild;92;128;36
7;Gedämpfte Speisen (Ragouts);205;Schwarz-Wildpret;92;128;36
7;Gedämpfte Speisen (Ragouts);206;Schweinefleisch mit Wildpret-Sauce;93;129;36
7;Gedämpfte Speisen (Ragouts);207;Schweinepfeffer;93;129;36
7;Gedämpfte Speisen (Ragouts);208;Sülzen;94;130;36
7;Gedämpfte Speisen (Ragouts);209;Tauben mit Klöschen;94;130;36
8;Compote und Früchte-Gelée;210;Compote und Früchte-Gelée überhaupt;95;131;36
8;Compote und Früchte-Gelée;211;Aepfel-Compot;95;131;36
8;Compote und Früchte-Gelée;212;Gedämpfte Aepfel auf gewöhnliche Art;96;132;36
8;Compote und Früchte-Gelée;213;Gedämpfte Aepfel auf andere Art;96;132;36
8;Compote und Früchte-Gelée;214;Aepfel-Marmelade;97;133;36
8;Compote und Früchte-Gelée;215;Apricosen-Compot;97;133;36
8;Compote und Früchte-Gelée;216;Birnen-Compot;98;134;36
8;Compote und Früchte-Gelée;217;Compot von Borsdorfer Aepfeln;99;135;36
8;Compote und Früchte-Gelée;218;Süße Gelée in einer Form;99;135;36
8;Compote und Früchte-Gelée;219;Gelée mit Gewür;99;135;36
8;Compote und Früchte-Gelée;220;Süße Gelée von Kirschen;100;136;36
8;Compote und Früchte-Gelée;221;Weiße Gelée;101;137;36
8;Compote und Früchte-Gelée;222;Gekochte Heidelbeeren;101;137;36
8;Compote und Früchte-Gelée;223;Himbeeren-Compot;102;138;36
8;Compote und Früchte-Gelée;224;Himbeersyrup, Himbeersaft, Himbeergelée;102;138;36
8;Compote und Früchte-Gelée;225;Himbeeressig;103;139;36
8;Compote und Früchte-Gelée;226;Himbeergelée;104;140;36
8;Compote und Früchte-Gelée;227;Ein gutes Kirschen-Compot;104;140;36
8;Compote und Früchte-Gelée;228;Pfirsich-Compot;105;141;36
8;Compote und Früchte-Gelée;229;Prunellen zu kochen und zuzubereiten;105;141;36
8;Compote und Früchte-Gelée;230;Quitten-Compot;105;141;36
8;Compote und Früchte-Gelée;231;Steinobst-Compot;106;142;36
8;Compote und Früchte-Gelée;232;Gekochte dürre Zwetschen;106;142;36
8;Compote und Früchte-Gelée;233;Gekochte frische Zwetschen;106;142;36
9;Pasteten;234;Feiner Blätterteig zu Torten und Pasteten;107;143;36
9;Pasteten;235;Allgemeiner Butterteig;109;145;36
9;Pasteten;236;Kleine Fleisch-Pastetchen;109;145;36
9;Pasteten;237;Fülle zu Pasteten;110;146;36
9;Pasteten;238;Gewöhnliche Pasteten;111;147;36
9;Pasteten;239;Pasteten von jungen Hühnern,Tauben und Kalbfleisch;112;148;36
9;Pasteten;240;Kleine Pasteten mit Ragout;113;149;36
9;Pasteten;241;Pastete von Kalbszungen;114;150;36
9;Pasteten;242;Pasteten-Teig von Hefen;114;150;36
10;Braten;243;Gefüllter Schweins-Magen;115;151;36
10;Braten;244;Gefüllte zahme Enten;116;152;36
10;Braten;245;Gebratene Feldhühner;116;152;36
10;Braten;246;Gebratene und gefüllte Gans;117;153;36
10;Braten;247;Eine gute andere Kartoffelfülle zur gebratenen Gans;118;154;36
10;Braten;248;Gebeitzter Haas;119;155;36
10;Braten;249;Ungebeitzter Haas;119;155;36
10;Braten;250;Hammelsbraten;120;156;36
10;Braten;251;Gefüllter Hammelsbraten;121;157;36
10;Braten;252;Eine Hammels-Keule wie Wildpret zu braten;121;157;36
10;Braten;253;Hirsch-Ziemer;122;158;36
10;Braten;254;Junge Hühner zu braten;123;159;36
10;Braten;255;Kalbfleisch wie Beufsteak zu braten;124;160;36
10;Braten;256;Kalbsbraten;124;160;36
10;Braten;257;Eine andere Art guten Kalbsbraten;125;161;36
10;Braten;258;Saurer Kalsbraten mit Guß;125;161;36
10;Braten;259;Gefüllte Kalbsbrust;126;162;36
10;Braten;260;Kalte Kalbskeule in Gelée;127;163;36
10;Braten;261;Kalbsrolade;127;163;36
10;Braten;262;Kapann zu braten;128;164;36
10;Braten;263;Lenden-Braten;129;165;36
10;Braten;264;Lerchen zu braten;129;165;36
10;Braten;265;Gefüllte Ochsenflehme;130;166;36
10;Braten;266;Gefüllter Ochsenmagen;130;166;36
10;Braten;267;Rehbraten;131;167;36
10;Braten;268;Rindsbraten;131;167;36
10;Braten;269;Schnepfen zu braten;132;168;36
10;Braten;270;Schweinebraten;133;169;36
10;Braten;271;Schweinebraten auf andere Art;134;170;36
10;Braten;272;Wilder Schweinskopf;135;171;36
10;Braten;273;Gefüllter wilder Schweinskopf;136;172;36
10;Braten;274;Spansau;138;174;36
10;Braten;275;Spanferkel in Gelée;139;175;36
10;Braten;276;Tauben zu braten;140;176;36
10;Braten;277;Füllsel auf andere Art;140;176;36
10;Braten;278;Welscher Hahn;140;176;36
11;Sauce (Soosen);279;Eine gute Sauce an Kalb- oder Hammelfleisch;142;178;36
11;Sauce (Soosen);280;Gewöhnliche Butter-Sauce;142;178;36
11;Sauce (Soosen);281;Capern-Sauce;142;178;36
11;Sauce (Soosen);282;Chokolade-Sauce;143;179;36
11;Sauce (Soosen);283;Erdbeeren-Sauce;143;179;36
11;Sauce (Soosen);284;Französische Sauce;143;179;36
11;Sauce (Soosen);285;Gelbe holländische Sauce über Fische;143;179;36
11;Sauce (Soosen);286;Grüne Sauce;144;180;36
11;Sauce (Soosen);287;Grüne Sauce(warm);144;180;36
11;Sauce (Soosen);288;Hageputten-Sauce;144;180;36
11;Sauce (Soosen);289;Häring-Sauce;145;181;36
11;Sauce (Soosen);290;Eine Hecht-Sauce;145;181;36
11;Sauce (Soosen);291;Himbeer-Sauce;146;182;36
11;Sauce (Soosen);292;Johannistrauben-Sauce;146;182;36
11;Sauce (Soosen);293;Kalte Sauce;147;183;36
11;Sauce (Soosen);294;Kirsch-Sauce;147;183;36
11;Sauce (Soosen);295;Meerrettig-Sauce;147;183;36
11;Sauce (Soosen);296;Meerrettig auf andere Art;148;184;36
11;Sauce (Soosen);297;Milch-Sauce;148;184;36
11;Sauce (Soosen);298;Paradiesäpfel-Sauce;148;184;36
11;Sauce (Soosen);299;Pudding-Sauce;148;184;36
11;Sauce (Soosen);300;Punsch-Sauce;149;185;36
11;Sauce (Soosen);301;Rahm-Sauce;149;185;36
11;Sauce (Soosen);302;Rahm-Sauce zu süßen Speisen;150;186;36
11;Sauce (Soosen);303;Eine gute Sauce zu Rindfleisch;150;186;36
11;Sauce (Soosen);304;Sauce zu Rindfleisch;150;186;36
11;Sauce (Soosen);305;Sauce à la Robert;150;186;36
11;Sauce (Soosen);306;Rosinen-Sauce;151;187;36
11;Sauce (Soosen);307;Rothe Wein-Sauce;151;187;36
11;Sauce (Soosen);308;Noch eine andere rothe Wein-Sauce;152;188;36
11;Sauce (Soosen);309;Sardellen-Sauce;152;188;36
11;Sauce (Soosen);310;Sardellen-Sauce auf andere Art;152;188;36
11;Sauce (Soosen);311;Sauerampfer-Sauce;152;188;36
11;Sauce (Soosen);312;Kalte Senf-Sauce;153;189;36
11;Sauce (Soosen);313;Warme Senf-Sauce;153;189;36
11;Sauce (Soosen);314;Vanille-Sauce;153;189;36
11;Sauce (Soosen);315;Weiße Wein-Sauce;154;190;36
11;Sauce (Soosen);316;Wildpret-Sauce;154;190;36
11;Sauce (Soosen);317;Sauce zu Schwarz-Wildpret;154;190;36
11;Sauce (Soosen);318;Zwiebel-Sauce;155;191;36
12;Fische;319;Aal zu backen;155;191;36
12;Fische;320;Aal blau zu sieden;156;192;36
12;Fische;321;Aal zu kochen;157;193;36
12;Fische;322;Gebratener Aal;157;193;36
12;Fische;323;Aal mit Wein-Sauce;158;194;36
12;Fische;324;Bersen zu backen;158;194;36
12;Fische;325;Bückinge mit Eier;158;194;36
12;Fische;326;Forellen in einer Sauce;159;195;36
12;Fische;327;Forellen blau zu sieden;159;195;36
12;Fische;328;Marinirte Häringe;160;196;36
12;Fische;329;Gedämpfter Hecht;160;196;36
12;Fische;330;Hecht in einer Sauce;161;197;36
12;Fische;331;Hecht in einer Petersilien-Sauce;161;197;36
12;Fische;332;Hecht in einer Sardellen-Sauce;162;198;36
12;Fische;333;Karpfen blau zu sieden;162;198;36
12;Fische;334;Gebackener Karpfen;162;198;36
12;Fische;335;Gekochte Karpfen kalt zu geben;163;199;36
12;Fische;336;Karpfen in einer braunen Sauce;163;199;36
12;Fische;337;Karpfen in brauner Sauce;164;200;36
12;Fische;338;Karpfen mit Sardellen gespickt;164;200;36
12;Fische;339;Einen gespickten Karpfen zu machen, aber auch andere größere Fische;165;201;36
12;Fische;340;Krebse zu sieden;165;201;36
12;Fische;341;Krebsbutter;166;202;36
12;Fische;342;Frischer Lachs;166;202;36
12;Fische;343;Lapperdan in einer Sauce;167;203;36
12;Fische;344;Lapperdan-Sauce anderer Art;168;204;36
12;Fische;345;Lapperdan zu wässern und kochen;168;204;36
12;Fische;346;Gebackener Stockfisch;168;204;36
12;Fische;347;Stockfisch auf andere Art;169;205;36
12;Fische;348;Stockfisch auf noch andere Art;169;205;36
12;Fische;349;Stockfisch mit Rahmsauce;169;205;36
13;Milch-, Mehl- und Eierspeisen;350;Aepfel-Klöße;170;206;36
13;Milch-, Mehl- und Eierspeisen;351;Ein sogenanter Aepfel-Michel;170;206;36
13;Milch-, Mehl- und Eierspeisen;352;Ein guter Aepfelpfannkuchen;171;207;36
13;Milch-, Mehl- und Eierspeisen;353;Ein guter Aepfelpfannkuchen auf andere Art;171;207;36
13;Milch-, Mehl- und Eierspeisen;354;Aepfelscheiben zu backen;172;208;36
13;Milch-, Mehl- und Eierspeisen;355;Baierische Klöße;172;208;36
13;Milch-, Mehl- und Eierspeisen;356;Citronenbrei mit Milch;173;209;36
13;Milch-, Mehl- und Eierspeisen;357;Gebackene Eier;173;209;36
13;Milch-, Mehl- und Eierspeisen;358;Gefüllte Eier;174;210;36
13;Milch-, Mehl- und Eierspeisen;359;Eier-Käs;174;210;36
13;Milch-, Mehl- und Eierspeisen;360;Eier-Kraut;175;211;36
13;Milch-, Mehl- und Eierspeisen;361;Erbsen-Brei;175;211;36
13;Milch-, Mehl- und Eierspeisen;362;Eine Fasten-Speise;176;212;36
13;Milch-, Mehl- und Eierspeisen;363;Süße Flädlein;176;212;36
13;Milch-, Mehl- und Eierspeisen;364;Gebrannter Brei;177;213;36
13;Milch-, Mehl- und Eierspeisen;365;Gries-Brei;177;213;36
13;Milch-, Mehl- und Eierspeisen;366;Gries-Klöße;177;213;36
13;Milch-, Mehl- und Eierspeisen;367;Hefen-Klöße;178;214;36
13;Milch-, Mehl- und Eierspeisen;368;Hirse-Brei;179;215;36
13;Milch-, Mehl- und Eierspeisen;369;Hollunder-Gebackenes;179;215;36
13;Milch-, Mehl- und Eierspeisen;370;Karthäuser-Klöße;179;215;36
13;Milch-, Mehl- und Eierspeisen;371;Karthäuser-Klöße auf andere Art;180;216;36
13;Milch-, Mehl- und Eierspeisen;372;Karthäuser-Klöße auf noch andere Art;180;216;36
13;Milch-, Mehl- und Eierspeisen;373;Kartoffel-Brei;181;217;36
13;Milch-, Mehl- und Eierspeisen;374;Kartoffel-Klöße;182;218;36
13;Milch-, Mehl- und Eierspeisen;375;Kirschen-Pfannkuchen;182;218;36
13;Milch-, Mehl- und Eierspeisen;376;Gute Klöße;183;219;36
13;Milch-, Mehl- und Eierspeisen;377;Gute Klöße anderer Art;183;219;36
13;Milch-, Mehl- und Eierspeisen;378;Aufgerollte Küchlein mit Rosinen;183;219;36
13;Milch-, Mehl- und Eierspeisen;379;Leber-Klöße;184;220;36
13;Milch-, Mehl- und Eierspeisen;380;Mandel-Brei;185;221;36
13;Milch-, Mehl- und Eierspeisen;381;Mandel-Schnitten mit einer Hageputten-Sauce;185;221;36
13;Milch-, Mehl- und Eierspeisen;382;Mehl-Brei;186;222;36
13;Milch-, Mehl- und Eierspeisen;383;Mehl-Brei für kleine Kinder;186;222;36
13;Milch-, Mehl- und Eierspeisen;384;Süße Milch-Nudeln;187;223;36
13;Milch-, Mehl- und Eierspeisen;385;Nieren-Klöße;187;223;36
13;Milch-, Mehl- und Eierspeisen;386;Nudeln;187;223;36
13;Milch-, Mehl- und Eierspeisen;387;Gebackene Nudeln;188;224;36
13;Milch-, Mehl- und Eierspeisen;388;Süße Omeletten;189;225;36
13;Milch-, Mehl- und Eierspeisen;389;Pfannkuchen;189;225;36
13;Milch-, Mehl- und Eierspeisen;390;Reis mit Aepfel;190;226;36
13;Milch-, Mehl- und Eierspeisen;391;Reis mit Arrac;190;226;36
13;Milch-, Mehl- und Eierspeisen;392;Reis-Brei;191;227;36
13;Milch-, Mehl- und Eierspeisen;393;Reis-Küchlein;192;228;36
13;Milch-, Mehl- und Eierspeisen;394;Ein guter Sago-Kuchen;192;228;36
13;Milch-, Mehl- und Eierspeisen;395;Gefüllter Scheiterhaufen;193;229;36
13;Milch-, Mehl- und Eierspeisen;396;Schnee-Pfannkuchen;193;229;36
13;Milch-, Mehl- und Eierspeisen;397;Einfache süße Schnitten mit Sauce;194;230;36
13;Milch-, Mehl- und Eierspeisen;398;Eine kalte süße Schüssel;195;231;36
13;Milch-, Mehl- und Eierspeisen;399;Schweizer Brei;195;231;36
13;Milch-, Mehl- und Eierspeisen;400;Blinde Stockfische;196;232;36
13;Milch-, Mehl- und Eierspeisen;401;Gekochte Wasser-Spatzen;196;232;36
13;Milch-, Mehl- und Eierspeisen;402;Gefüllte Wecke;196;232;36
13;Milch-, Mehl- und Eierspeisen;403;Weckschnitten mit Weinsauce;198;234;36
13;Milch-, Mehl- und Eierspeisen;404;Gebackene Zwetschen;198;234;36
13;Milch-, Mehl- und Eierspeisen;405;Zwetschen-Pfannkuchen;199;235;36
14;Salat;406;Bohnen-Salat;199;235;36
14;Salat;407;Gurken-Salat;200;236;36
14;Salat;408;Härings-Salat;200;236;36
14;Salat;409;Härings-Salat mit Kartoffeln;201;237;36
14;Salat;410;Kartoffel-Salat;201;237;36
14;Salat;411;Kraut-Salat;201;237;36
14;Salat;412;Kraut-Salat auf andere Art;202;238;36
14;Salat;413;Lattich-Salat;202;238;36
14;Salat;414;Ochsenmaul-Salat;202;238;36
14;Salat;415;Polnischer Salat;202;238;36
14;Salat;416;Polnischer Salat auf andere Art;203;239;36
14;Salat;417;Ein guter Salat;204;240;36
14;Salat;418;Sellerie-Salat;204;240;36
15;Hefen- und Schmalz-Backerei;419;Ein feiner Butterteig zu einem Obstkuchen;205;241;36
15;Hefen- und Schmalz-Backerei;420;Aepfel-Kuchen;205;241;36
15;Hefen- und Schmalz-Backerei;421;Aepfel-Kuchen auf andere Art;206;242;36
15;Hefen- und Schmalz-Backerei;422;Aepfel-Kuchen auf noch andere Art;206;242;36
15;Hefen- und Schmalz-Backerei;423;Aepfel-Kuchen;206;242;36
15;Hefen- und Schmalz-Backerei;424;Aprikosen-Kuche;206;242;36
15;Hefen- und Schmalz-Backerei;425;Pfirsisch-Kuchen;206;242;36
15;Hefen- und Schmalz-Backerei;426;Zwetschenkuchen;206;242;36
15;Hefen- und Schmalz-Backerei;427;Berliner Pfannküchelchen;207;243;36
15;Hefen- und Schmalz-Backerei;428;Bettelmann;207;243;36
15;Hefen- und Schmalz-Backerei;429;Bierhefen-Küchlein;208;244;36
15;Hefen- und Schmalz-Backerei;430;Brod-Kuchen;208;244;36
15;Hefen- und Schmalz-Backerei;431;Englischer Kuchen;208;244;36
15;Hefen- und Schmalz-Backerei;432;Fleisch-Kuchen;209;245;36
15;Hefen- und Schmalz-Backerei;433;Frankfurter Kugelhopfen;209;245;36
15;Hefen- und Schmalz-Backerei;434;Einen gerührten Kuchen;210;246;36
15;Hefen- und Schmalz-Backerei;435;Heidelbeer-Kuchen;210;246;36
15;Hefen- und Schmalz-Backerei;436;Hirschhörner;211;247;36
15;Hefen- und Schmalz-Backerei;437;Honigkuchen;211;247;36
15;Hefen- und Schmalz-Backerei;438;Kaiserkuchen zu backen;212;248;36
15;Hefen- und Schmalz-Backerei;439;Kartoffelkräpfel;212;248;36
15;Hefen- und Schmalz-Backerei;440;Kartoffelkuchen;212;248;36
15;Hefen- und Schmalz-Backerei;441;Kartoffelkuchen auf andere Art;213;249;36
15;Hefen- und Schmalz-Backerei;442;Kartoffel-Waffeln;213;249;36
15;Hefen- und Schmalz-Backerei;443;Käsekuchen;214;250;36
15;Hefen- und Schmalz-Backerei;444;Käsekuchen auf andere Art;214;250;36
15;Hefen- und Schmalz-Backerei;445;Gerührter Kirschenkuchen;215;251;36
15;Hefen- und Schmalz-Backerei;446;Kirschenkuchen mit eingeweichtem Weck;215;251;36
15;Hefen- und Schmalz-Backerei;447;Ein vorzüglich dicker Kirschenkuchen;216;252;36
15;Hefen- und Schmalz-Backerei;448;Ein Kirschenkuchen;216;252;36
15;Hefen- und Schmalz-Backerei;449;Königskuchen;217;253;36
15;Hefen- und Schmalz-Backerei;450;Krack-Kuchen;217;253;36
15;Hefen- und Schmalz-Backerei;451;Ausgeschöpfte Kräpfel;217;253;36
15;Hefen- und Schmalz-Backerei;452;Kräpfel;218;254;36
15;Hefen- und Schmalz-Backerei;453;Eine andere gute Art Kräpfel;218;254;36
15;Hefen- und Schmalz-Backerei;454;Gefüllte Kräpfel;219;255;36
15;Hefen- und Schmalz-Backerei;455;Kräpfel in kleinerer Quantität;219;255;36
15;Hefen- und Schmalz-Backerei;456;Kugel-Hopfen;220;256;36
15;Hefen- und Schmalz-Backerei;457;Magdalenen-Kuchen;220;256;36
15;Hefen- und Schmalz-Backerei;458;Mailänder Kuchen;221;257;36
15;Hefen- und Schmalz-Backerei;459;Mandel-Kuchen;221;257;36
15;Hefen- und Schmalz-Backerei;460;Marburger-Kuchen;221;257;36
15;Hefen- und Schmalz-Backerei;461;Maul-Taschen;221;257;36
15;Hefen- und Schmalz-Backerei;462;Mirabellen-Kuchen;222;258;36
15;Hefen- und Schmalz-Backerei;463;Wohlfeile Mundküchlein;222;258;36
15;Hefen- und Schmalz-Backerei;464;Obst-Kuchen;222;258;36
15;Hefen- und Schmalz-Backerei;465;Sogenannter Petzkuchen;223;259;36
15;Hefen- und Schmalz-Backerei;466;Rahm-Waffeln;224;260;36
15;Hefen- und Schmalz-Backerei;467;Randkuchen zu backen;224;260;36
15;Hefen- und Schmalz-Backerei;468;Ratankuchen zu machen;224;260;36
15;Hefen- und Schmalz-Backerei;469;Rührkuchen;225;261;36
15;Hefen- und Schmalz-Backerei;470;Rührkuchen mit Eiern;225;261;36
15;Hefen- und Schmalz-Backerei;471;Rührkuchen in einer etwas größern Form;226;262;36
15;Hefen- und Schmalz-Backerei;472;Schmandkuchen;226;262;36
15;Hefen- und Schmalz-Backerei;473;Schneeballen;226;262;36
15;Hefen- und Schmalz-Backerei;474;Spanischbrod-Teig zu machen;227;263;36
15;Hefen- und Schmalz-Backerei;475;Ein mürber Teig;227;263;36
15;Hefen- und Schmalz-Backerei;476;Ein süßer Teig;228;264;36
15;Hefen- und Schmalz-Backerei;477;Traubenkuchen;228;264;36
15;Hefen- und Schmalz-Backerei;478;Waffeln zu machen;228;264;36
15;Hefen- und Schmalz-Backerei;479;Waffeln zu machen auf andere Art;228;264;36
15;Hefen- und Schmalz-Backerei;480;Waffeln auf noch andere Art;229;265;36
15;Hefen- und Schmalz-Backerei;481;Waffeln mit Hefen;229;265;36
15;Hefen- und Schmalz-Backerei;482;Wiener Kuchen;230;266;36
15;Hefen- und Schmalz-Backerei;483;Windbeutel;230;266;36
15;Hefen- und Schmalz-Backerei;484;Zimmtkuchen;231;267;36
15;Hefen- und Schmalz-Backerei;485;Zimmtkuchen auf andere Art;231;267;36
15;Hefen- und Schmalz-Backerei;486;Zwetschenkuchen;231;267;36
15;Hefen- und Schmalz-Backerei;487;Zwiebelkuchen;231;267;36
16;Zucker-Backerei;488;Anis-Brod;232;268;36
16;Zucker-Backerei;489;Anisgebackenes;233;269;36
16;Zucker-Backerei;490;Anis-Zuckerwerk;233;269;36
16;Zucker-Backerei;491;Kleine Backereien;234;270;36
16;Zucker-Backerei;492;Baseler-Gebackenes;234;270;36
16;Zucker-Backerei;493;Kleine Bisquits;235;271;36
16;Zucker-Backerei;494;Bisquit-Kuchen;235;271;36
16;Zucker-Backerei;495;Bisquitkuchen auf andere Art;236;272;36
16;Zucker-Backerei;496;Ein recht guter Bisquitkuchen;236;272;36
16;Zucker-Backerei;497;Bisquitkuchen auf noch andere Art;237;273;36
16;Zucker-Backerei;498;Bretzelchen;237;273;36
16;Zucker-Backerei;499;Butter-Gebackenes;237;273;36
16;Zucker-Backerei;500;Butter-Gebackenes auf andere Art;238;274;36
16;Zucker-Backerei;501;Butter-Gebackenes auf noch andere  Art;238;274;36
16;Zucker-Backerei;502;Chokolade-Küchlein;238;274;36
16;Zucker-Backerei;503;Chokolade-Küchlein auf andere Art;238;274;36
16;Zucker-Backerei;504;Chokolade-Küchlein mit Mandeln;239;275;36
16;Zucker-Backerei;505;Citronen-Gebackenes;239;275;36
16;Zucker-Backerei;506;Frankfurter Brenten;239;275;36
16;Zucker-Backerei;507;Kleine französische Kuchen;240;276;36
16;Zucker-Backerei;508;Ein gutes Gebäck;240;276;36
16;Zucker-Backerei;509;Herrnhuter Küchlein;240;276;36
16;Zucker-Backerei;510;Hiepen;241;277;36
16;Zucker-Backerei;511;Hiepen auf eine andere Art;241;277;36
16;Zucker-Backerei;512;Hiepen auf noch andere Art;241;277;36
16;Zucker-Backerei;513;Hiepen-Recept auf andere Art;242;278;36
16;Zucker-Backerei;514;Kaffeeküchlein;242;278;36
16;Zucker-Backerei;515;Kartoffel-Bisquit;242;278;36
16;Zucker-Backerei;516;Süße Küchlein;243;279;36
16;Zucker-Backerei;517;Kleine süße Küchlein;243;279;36
16;Zucker-Backerei;518;Weiße Lebkuchen;243;279;36
16;Zucker-Backerei;519;Mailändische Küchlein;244;280;36
16;Zucker-Backerei;520;Makronen;244;280;36
16;Zucker-Backerei;521;Makronen auf andere Art;245;281;36
16;Zucker-Backerei;522;Bittere Makronen;245;281;36
16;Zucker-Backerei;523;Mandelbogen;245;281;36
16;Zucker-Backerei;524;Gebackene Mandeln;246;282;36
16;Zucker-Backerei;525;Gebackene Mandeln von Kartoffeln;246;282;36
16;Zucker-Backerei;526;Mandel-Gebackenes;247;283;36
16;Zucker-Backerei;527;Mandelgebackenes auf andere Art;247;283;36
16;Zucker-Backerei;528;Geröstete Mandeln;247;283;36
16;Zucker-Backerei;529;Mandel-Kränzchen;248;284;36
16;Zucker-Backerei;530;Mandelschnitten;248;284;36
16;Zucker-Backerei;531;Pfeffernüsse;249;285;36
16;Zucker-Backerei;532;Pfeffernüsse auf andere Art;249;285;36
16;Zucker-Backerei;533;Pfeffernüsse auf noch andere Art;250;286;36
16;Zucker-Backerei;534;Sehr gutes Rahm-Gebackenes;250;286;36
16;Zucker-Backerei;535;Gebackene S. S.;250;286;36
16;Zucker-Backerei;536;Schwaben-Hütchen;251;287;36
16;Zucker-Backerei;537;Spar-Anisgebackenes-Recept;251;287;36
16;Zucker-Backerei;538;Stangen-Brod;251;287;36
16;Zucker-Backerei;539;Stangen-Brod auf andere Art;252;288;36
16;Zucker-Backerei;540;Süße Streifen;252;288;36
16;Zucker-Backerei;541;Thee-Bretzelchen;253;289;36
16;Zucker-Backerei;542;Vanille-Luft;253;289;36
16;Zucker-Backerei;543;Vanille-Luft in größerer Quantitä;253;289;36
16;Zucker-Backerei;544;Wasser-Hiepen;253;289;36
16;Zucker-Backerei;545;Weihnachts-Gebackenes;254;290;36
16;Zucker-Backerei;546;Wiener Kolatschen;254;290;36
16;Zucker-Backerei;547;Wiener Küchlein;254;290;36
16;Zucker-Backerei;548;Wiff;255;291;36
16;Zucker-Backerei;549;Windbeutel;255;291;36
16;Zucker-Backerei;550;Zimmt-Hiepen;255;291;36
16;Zucker-Backerei;551;Zimmt-Mandeln;256;292;36
16;Zucker-Backerei;552;Zimmt-Stern;256;292;36
16;Zucker-Backerei;553;Zimmt-Wäffelchen;257;293;36
16;Zucker-Backerei;554;Zitronen-Auflauf;257;293;36
16;Zucker-Backerei;555;Zitronen-Küchlein;257;293;36
16;Zucker-Backerei;556;Zucker-Bretzelchen;258;294;36
16;Zucker-Backerei;557;Zucker-Gebackenes mit Rosinen;258;294;36
16;Zucker-Backerei;558;Zucker-Stengel;258;294;36
16;Zucker-Backerei;559;Zwieback;259;295;36
16;Zucker-Backerei;560;Zwieback auf andere Art;259;295;36
17;Glasuren zu Torten und Kuchen;561;Einen Guß auf Kuchen und Torten zu machen;259;295;36
17;Glasuren zu Torten und Kuchen;562;Chokolade-Glage auf eine Torte;260;296;36
17;Glasuren zu Torten und Kuchen;563;Weiße Glace;260;296;36
18;Torten;564;Aepfel-Torte;261;297;36
18;Torten;565;Aepfel-Torte auf andere Art;261;297;36
18;Torten;566;Aepfel-Torte mit Gitter;261;297;36
18;Torten;567;Baum-Torte;262;298;36
18;Torten;568;Feine Bisquit-Torte;263;299;36
18;Torten;569;Brod-Torte;264;300;36
18;Torten;570;Brod-Torte auf andere Art;264;300;36
18;Torten;571;Eine gute Brod-Torte;264;300;36
18;Torten;572;Schwarze Brod-Torte;256;292;36
18;Torten;573;Eier-Torte;256;292;36
18;Torten;574;Gerührte Törtchen;266;302;36
18;Torten;575;Hefen-Torte;266;302;36
18;Torten;576;Kartoffel-Torte;267;303;36
18;Torten;577;Kartoffel-Mandeltorte;267;303;36
18;Torten;578;Kirschen-Torte;267;303;36
18;Torten;579;Kirschen-Torte mit Blätterteig;268;304;36
18;Torten;580;Kraft-Torte;268;304;36
18;Torten;581;Mandel-Torte;269;305;36
18;Torten;582;Eine Mandel-Torte auf andere Art;269;305;36
18;Torten;583;Unvergleichliche Mandel-Torte;270;306;36
18;Torten;584;Marien-Torte;270;306;36
18;Torten;585;Eine Obst-Torte;271;307;36
18;Torten;586;Eine Obst-Torte auf andere Art;271;307;36
18;Torten;587;Quitten-Torte;271;307;36
18;Torten;588;Reis-Torte;272;308;36
18;Torten;589;Sand-Torte;272;308;36
18;Torten;590;Sand-Torte auf eine andere Art;272;308;36
18;Torten;591;Sand-Törtchen;273;309;36
18;Torten;592;Spanischer Teig auf die gewöhnliche Art;273;309;36
18;Torten;593;Torten-Teig;274;310;36
18;Torten;594;Trauben-Torte;274;310;36
18;Torten;595;Eine Weinkirschen-Torte;274;310;36
18;Torten;596;Eine Weinkirschen-Torte auf andere Art;275;311;36
18;Torten;597;Wiener Torte;275;311;36
18;Torten;598;Zwetschen-Torte;276;312;36
18;Torten;599;Zwetschen-Torte auf andere Art;277;313;36
19;Puddinge und Auflaufe;600;Zubereitung der Puddinge;277;313;36
19;Puddinge und Auflaufe;601;Zubereitung der Puddinge auf andere Art;278;314;36
19;Puddinge und Auflaufe;602;Citronen-Zucker;279;315;36
19;Puddinge und Auflaufe;603;Orangen-Zucker;280;316;36
19;Puddinge und Auflaufe;604;Pomeranzen-Zucker;280;316;36
19;Puddinge und Auflaufe;605;Zimmt-Zucker;280;316;36
19;Puddinge und Auflaufe;606;Vanille-Zucker;280;316;36
19;Puddinge und Auflaufe;607;Mandeln;280;316;36
19;Puddinge und Auflaufe;608;Rosinen;280;316;36
19;Puddinge und Auflaufe;609;Haselnüsse;280;316;36
19;Puddinge und Auflaufe;610;Bisquit-Pudding;281;317;36
19;Puddinge und Auflaufe;611;Brod-Pudding;281;317;36
19;Puddinge und Auflaufe;612;Brod-Pudding (von schwarzem Brod);282;318;36
19;Puddinge und Auflaufe;613;Chokolade-Pudding;282;318;36
19;Puddinge und Auflaufe;614;Gersten-Pudding;282;318;36
19;Puddinge und Auflaufe;615;Gries-Pudding;283;319;36
19;Puddinge und Auflaufe;616;Kalter Pudding;283;319;36
19;Puddinge und Auflaufe;617;Kalter Pudding oder Punsch-Reis;283;319;36
19;Puddinge und Auflaufe;618;Kartoffel-Pudding;284;320;36
19;Puddinge und Auflaufe;619;Kartoffel-Pudding auf andere Art;284;320;36
19;Puddinge und Auflaufe;620;Mehl-Pudding;285;321;36
19;Puddinge und Auflaufe;621;Mehl-Pudding mit Vanille;285;321;36
19;Puddinge und Auflaufe;622;Nudel-Pudding;286;322;36
19;Puddinge und Auflaufe;623;Pudding zu machen;286;322;36
19;Puddinge und Auflaufe;624;Pudding zu machen von gebrühtem Teig;286;322;36
19;Puddinge und Auflaufe;625;Pudding zu machen mit saurem Rahm;287;323;36
19;Puddinge und Auflaufe;626;Reis-Pudding;288;324;36
19;Puddinge und Auflaufe;627;Sago-Pudding;288;324;36
19;Puddinge und Auflaufe;628;Kalter Sago-Pudding;289;325;36
19;Puddinge und Auflaufe;629;Schotto-Pudding;290;326;36
19;Puddinge und Auflaufe;630;Spinat-Pudding;290;326;36
19;Puddinge und Auflaufe;631;Stärke-Pudding;291;327;36
19;Puddinge und Auflaufe;632;Ein Weck-Pudding;291;327;36
20;Von den Auflaufen;633;Ein Auflauf;292;328;36
20;Von den Auflaufen;634;Borsdorfer Aepfel-Auflauf;293;329;36
20;Von den Auflaufen;635;Brod-Auflauf;293;329;36
20;Von den Auflaufen;636;Chokolade-Auflaus;293;329;36
20;Von den Auflaufen;637;Citronat-Auflaus;294;330;36
20;Von den Auflaufen;638;Gries-Auflau;294;330;36
20;Von den Auflaufen;639;Gries-Auflauf (Von gelbem Gries);294;330;36
20;Von den Auflaufen;640;Kartoffel-Auflauf;295;331;36
20;Von den Auflaufen;641;Kirschen-Auflauf;295;331;36
20;Von den Auflaufen;642;Mandel-Auflau;296;332;36
20;Von den Auflaufen;643;Nudel-Auflauf;296;332;36
20;Von den Auflaufen;644;Reis-Auflauf;296;332;36
20;Von den Auflaufen;645;Reis-Auflauf auf andere Art;296;332;36
20;Von den Auflaufen;646;Reis-Auflauf auf noch andere Art;297;333;36
20;Von den Auflaufen;647;Reis-Auflauf auf eine noch andere Art;298;334;36
20;Von den Auflaufen;648;Reis-Auflauf mit Arrac;298;334;36
20;Von den Auflaufen;649;Eine süße Schüssel;299;335;36
21;Von den Crêmen;650;Chokolade-Crême;299;335;36
21;Von den Crêmen;651;Citronen-Crême;300;336;36
21;Von den Crêmen;652;Citronen-Crême auf andere Art;300;336;36
21;Von den Crêmen;653;Citronen-Crême auf noch andere Art;301;337;36
21;Von den Crêmen;654;Erdbeeren-Crême;301;337;36
21;Von den Crêmen;655;Himbeeren-Crême;301;337;36
21;Von den Crêmen;656;Himbeer-Schaum;302;338;36
21;Von den Crêmen;657;Johannisbeeren-Crême;302;338;36
21;Von den Crêmen;658;Kirschen-Crêm;302;338;36
21;Von den Crêmen;659;Königs-Crême;303;339;36
21;Von den Crêmen;660;Eine Mandel-Creme, welche yu Rindfleisch aufgestellt wird;304;340;36
21;Von den Crêmen;661;Milch-Crême;304;340;36
21;Von den Crêmen;662;Punsch--Crême;304;340;36
21;Von den Crêmen;663;Reis-Crême;304;340;36
21;Von den Crêmen;664;Thee-Crême;305;341;36
21;Von den Crêmen;665;Vanille-Crême;305;341;36
21;Von den Crêmen;666;Wein-Crême;306;342;36
21;Von den Crêmen;667;Wein-Crême auf andere Art;306;342;36
21;Von den Crêmen;668;Wein-Crême auf noch andere Art;306;342;36
21;Von den Crêmen;669;Wein-Crême auf noch eine andere Art;307;343;36
21;Von den Crêmen;670;Gebackene Citronen-Crême;307;343;36
22;Getränke;671;Arrow-Root-Trank für Kranke;307;343;36
22;Getränke;672;Warmes Bier;308;344;36
22;Getränke;673;Bischof;308;344;36
22;Getränke;674;Bischoff-Essenz;308;344;36
22;Getränke;675;Bischoff-Essenz auf andere Art;309;345;36
22;Getränke;676;Borsdorfer Aepfel-Trank;309;345;36
22;Getränke;677;Chokolade zu kochen;310;346;36
22;Getränke;678;Damen-Punsch;310;346;36
22;Getränke;679;Eier-Punsch;310;346;36
22;Getränke;680;Eiertrank für Kranke;311;347;36
22;Getränke;681;Eierwein;311;347;36
22;Getränke;682;Erdbeeren-Kalteschale;311;347;36
22;Getränke;683;Gersten-Trank;311;347;36
22;Getränke;684;Glüh-Wein;312;348;36
22;Getränke;685;Glüh-Wein auf andere Art;312;348;36
22;Getränke;686;Grog;312;348;36
22;Getränke;687;Himbeer-Essig;313;349;36
22;Getränke;688;Isländisches Moos für Kranke;313;349;36
22;Getränke;689;Kirschen-Liqueur;314;350;36
22;Getränke;690;Kirschentrank für Kranke;314;350;36
22;Getränke;691;Ein gesunder und wohlschmeckender Kräuterthee;314;350;36
22;Getränke;692;Limonade;315;351;36
22;Getränke;693;Limonade auf andere Art;315;351;36
22;Getränke;694;Limonadein größerer Quantität;315;351;36
22;Getränke;695;Mandelmilch;315;351;36
22;Getränke;696;Mandelmilch;316;352;36
22;Getränke;697;Mai-Wein;316;352;36
22;Getränke;698;Milch-Kalteschale;316;352;36
22;Getränke;699;Nürnberger-Limonade;317;353;36
22;Getränke;700;Nuß-Liqueur anzusetzen;317;353;36
22;Getränke;701;Nuß-Liqueur anzusetzen auf andere Art;317;353;36
22;Getränke;702;Ein Pulver von Reis, wovon ein recht nährendes Getränk bereitet werden kann;318;354;36
22;Getränke;703;Punsch;318;354;36
22;Getränke;704;Punsch auf andere Art;319;355;36
22;Getränke;705;Punsch-Recept auf andere Art;319;355;36
22;Getränke;706;Punsch auf die beste Art;319;355;36
22;Getränke;707;Punsch-Essenz;320;356;36
22;Getränke;708;Punsch-Essenz auf andere Art;320;356;36
22;Getränke;709;Quittenbranntwein zu machen;321;357;36
22;Getränke;710;Reformirter Thee;321;357;36
22;Getränke;711;Rother Schaumwein;322;358;36
22;Getränke;712;Schnee-Milch;322;358;36
22;Getränke;713;Schweizer-Punsch;322;358;36
22;Getränke;714;Thee von Erdbeer-Blättchen;323;359;36
22;Getränke;715;Ein guter Trank für Kranke;323;359;36
22;Getränke;716;Ein nährender Trank;324;360;36
22;Getränke;717;Warmer Wein (Vin chaud);324;360;36
22;Getränke;718;Wein-Kaltschale;324;360;36
22;Getränke;719;Wein-Kaltschale größerer Quantität;325;361;36
22;Getränke;720;Weinstein-Limonade;325;361;36
22;Getränke;721;Weißes Eis;325;361;36
22;Getränke;722;Zimmt-Eis;325;361;36
23;Verschiedenes;723;Aepfel zu dörren;326;362;36
23;Verschiedenes;724;Birnen zu trocknen;326;362;36
23;Verschiedenes;725;Vom Blanchiren;327;363;36
23;Verschiedenes;726;Getrocknete Bohnen;327;363;36
23;Verschiedenes;727;Butter auszulassen;328;364;36
23;Verschiedenes;728;Butter einzusalzen;328;364;36
23;Verschiedenes;729;Butter einzusalzen auf eine sehr gute Art;329;365;36
23;Verschiedenes;730;Chlor calcis;329;365;36
23;Verschiedenes;731;Chokolade zu fabriciren;330;366;36
23;Verschiedenes;732;Um Eier aufzubewahren;330;366;36
23;Verschiedenes;733;Eier aufzubewahren auf andere Art;331;367;36
23;Verschiedenes;734;Fleisch einzusalzen;331;367;36
23;Verschiedenes;735;Eine Gans zu mästen;331;367;36
23;Verschiedenes;736;Handkäse zu machen;332;368;36
23;Verschiedenes;737;Heidelbeeren zu trocknen;333;369;36
23;Verschiedenes;738;Eine gute Art die Kernerbsen aufzubewahren;333;369;36
23;Verschiedenes;739;Glacirte Kirschen;334;370;36
23;Verschiedenes;740;Kräuteressig zu saueren Speisen;334;370;36
23;Verschiedenes;741;Recept zu einem guten Lack;334;370;36
23;Verschiedenes;742;Meerrettig;335;371;36
23;Verschiedenes;743;Frisches Obst aufzubewahren;335;371;36
23;Verschiedenes;744;Getrocknetes Obst aufzubewahren;336;372;36
23;Verschiedenes;745;Preßkopf;337;373;36
23;Verschiedenes;746;Preßkopf auf andere Art;337;373;36
23;Verschiedenes;747;Preßkopf auf noch andere Art;338;374;36
23;Verschiedenes;748;Sardellen-Butter zuzubereiten;338;374;36
23;Verschiedenes;749;Schinken zu backen;338;374;36
23;Verschiedenes;750;Geräucherten Schinken zu kochen;338;374;36
23;Verschiedenes;751;Schinken zu salzen;339;375;36
23;Verschiedenes;752;Schmierkäse einzurühren;339;375;36
23;Verschiedenes;753;Senf zu machen;340;376;36
23;Verschiedenes;754;Senf zuzubereiten auf andere Art;340;376;36
23;Verschiedenes;755;Senf zu bereiten auf eine ganz besonders gute Art;340;376;36
23;Verschiedenes;756;Noch eine Art Senf;341;377;36
23;Verschiedenes;757;Geräucherter Speck;341;377;36
23;Verschiedenes;758;Weintrauben aufzubewahren;341;377;36
23;Verschiedenes;759;Citronen zu erhalten;342;378;36
24;Ueber das Einmachen;760;Ueber das Einmachen in Zucker im Allgemeinen;342;378;36
24;Ueber das Einmachen;761;Ananas einzumachen;343;379;36
24;Ueber das Einmachen;762;Aprikosen einzumachen;343;379;36
24;Ueber das Einmachen;763;Aprikosen einzumachen auf eine andere Art;343;379;36
24;Ueber das Einmachen;764;Birnen einzumachen;344;380;36
24;Ueber das Einmachen;765;Erdbeeren einzumachen;344;380;36
24;Ueber das Einmachen;766;Hagebutten einzumachen;344;380;36
24;Ueber das Einmachen;767;Hagebutten-Mark;345;381;36
24;Ueber das Einmachen;768;Himbeeren;345;381;36
24;Ueber das Einmachen;769;Johannistrauben einzumachen;345;381;36
24;Ueber das Einmachen;770;Johannistrauben einzumachen auf eine kürzere Art;345;381;36
24;Ueber das Einmachen;771;Kirschen süß einzumachen;346;382;36
24;Ueber das Einmachen;772;Melonen einzumachen;346;382;36
24;Ueber das Einmachen;773;Nüsse einzumachen;346;382;36
24;Ueber das Einmachen;774;Quitten einzumachen;347;383;36
24;Ueber das Einmachen;775;Reineclanden einzumachen;347;383;36
24;Ueber das Einmachen;776;Sauerkirschen einzumachen;348;384;36
24;Ueber das Einmachen;777;Stachelbeeren einzumachen;348;384;36
24;Ueber das Einmachen;778;Welsche Nüsse einzumachen;348;384;36
24;Ueber das Einmachen;779;Zwetschen ohne alle Zutaten einzukochen, welche Obstarten man im Winter zu Kuchen verbrauchen kann;349;385;36
24;Ueber das Einmachen;780;Heidelbeeren ohne alle Zutaten einzukochen, welche Obstarten man im Winter zu Kuchen verbrauchen kann;349;385;36
24;Ueber das Einmachen;781;Aprikosen ohne alle Zutaten einzukochen, welche Obstarten man im Winter zu Kuchen verbrauchen kann;349;385;36
24;Ueber das Einmachen;782;Pfirsiche ohne alle Zutaten einzukochen, welche Obstarten man im Winter zu Kuchen verbrauchen kann;349;385;36
24;Ueber das Einmachen;783;Pflaumen ohne alle Zutaten einzukochen, welche Obstarten man im Winter zu Kuchen verbrauchen kann;349;385;36
24;Ueber das Einmachen;784;Reineclanden ohne alle Zutaten einzukochen, welche Obstarten man im Winter zu Kuchen verbrauchen kann;349;385;36
24;Ueber das Einmachen;785;Kirschen ohne alle Zutaten einzukochen, welche Obstarten man im Winter zu Kuchen verbrauchen kann;349;385;36
24;Ueber das Einmachen;786;Johannisbeeren ohne alle Zutaten einzukochen, welche Obstarten man im Winter zu Kuchen verbrauchen kann;349;385;36
24;Ueber das Einmachen;787;Himbeeren ohne alle Zutaten einzukochen, welche Obstarten man im Winter zu Kuchen verbrauchen kann;349;385;36
25;In Essig eingemachte Früchte;788;Birnen in Essig und Zucker einzumachen;350;386;36
25;In Essig eingemachte Früchte;789;Champignons einzumachen;350;386;36
25;In Essig eingemachte Früchte;790;Essig-Gurken einzumachen, daß sie ihre schön grüne Farbe behalten;350;386;36
25;In Essig eingemachte Früchte;791;Essig-Gurken einzumachen;351;387;36
25;In Essig eingemachte Früchte;792;Essig-Gurken einzumachen auf kürzere Art;351;387;36
25;In Essig eingemachte Früchte;793;Essig-Gurken einzumachen auf andere Art;352;388;36
25;In Essig eingemachte Früchte;794;Geschnittene Gurken einzumachen;352;388;36
25;In Essig eingemachte Früchte;795;Johannistrauben in Essig einzumachen;353;389;36
25;In Essig eingemachte Früchte;796;Kirschen einzumachen;353;389;36
25;In Essig eingemachte Früchte;797;Melonen einzumachen;353;389;36
25;In Essig eingemachte Früchte;798;Pfeffer-Gurken in Essig einzumachen;354;390;36
25;In Essig eingemachte Früchte;799;Pfirsiche in Essig einzumachen;354;390;36
25;In Essig eingemachte Früchte;800;Pflaumen in Essig einzumachen;355;391;36
25;In Essig eingemachte Früchte;801;Rothe Rüben einzumachen;355;391;36
25;In Essig eingemachte Früchte;802;Große Salatgurken auf franz. Art einzumachen;355;391;36
25;In Essig eingemachte Früchte;803;Salz-Gurken einzumachen;356;392;36
25;In Essig eingemachte Früchte;804;Salz-Gurken einzumachen auf eine sehr gute Art;357;393;36
25;In Essig eingemachte Früchte;805;Senf-Gurken einzumachen;357;393;36
25;In Essig eingemachte Früchte;806;Senf-Gurken einzumachen;358;394;36
25;In Essig eingemachte Früchte;807;Spargeln in Essig einzumachen;358;394;36
25;In Essig eingemachte Früchte;808;Wein-Kirschen einzumachen auf die gewöhnliche Art;358;394;36
25;In Essig eingemachte Früchte;809;Zucker-Gurker;358;394;36
25;In Essig eingemachte Früchte;810;Zwetschen einzumachen;359;395;36
25;In Essig eingemachte Früchte;811;Ausgekernte Zwetschen auf andere Art einzumachen;359;395;36
25;In Essig eingemachte Früchte;812;Gekernte Zwetschen einzumachen;360;396;36
25;In Essig eingemachte Früchte;813;Zwetschen in Essig einzumachen;360;396;36
25;In Essig eingemachte Früchte;814;Noch eine andere Art, Zwetschen einzumachen;360;396;36
25;In Essig eingemachte Früchte;815;Zwiebeln einzumachen;361;397;36
26;In Salz eingemachte Gemüsearten;816;Gebrühte Bohnen einzumachen;361;397;36
26;In Salz eingemachte Gemüsearten;817;Gesalzene Bohnen einzumachen;362;398;36
27;Anhang;851;Beste Art einen vorzüglich starken und dauerhaften Essig für bürgerliche Haushaltungen zu verfertigen;371;399;28
27;Anhang;852;Esdragon-Essig zu machen;374;402;28
27;Anhang;853;Essig von blauen Veilchen zu machen;374;402;28
27;Anhang;854;Himbeeren-Essig zu machen;374;402;28
